codigo,descricao,codigo_grupo
1005,ARMAS DE FOGO DE CALIBRE ATÉ 120MM                                                                                      ,10
1010,ARMAS DE FOGO DE CALIBRE ACIMA DE 30MM ATÉ 75MM                                                                         ,10
1015,ARMAS DE FOGO DE CALIBRE ACIMA DE 75MM ATÉ 125MM                                                                        ,10
1020,ARMAS DE FOGO DE CALIBRE ACIMA DE 125MM ATÉ 150MM                                                                       ,10
1025,ARMAS DE FOGO DE CALIBRE ACIMA DE 150MM ATÉ 200MM                                                                       ,10
1030,ARMAS DE FOGO DE CALIBRE ACIMA DE 200MM ATÉ 300MM                                                                       ,10
1035,ARMAS DE FOGO DE CALIBRE ACIMA DE 300MM                                                                                 ,10
1040,ARMAMENTO E EQUIPAMENTOS DE GUERRA QUÍMICA                                                                              ,10
1045,LANÇADORES DE TORPEDOS E DE BOMBAS DE PROFUNDIDADE                                                                      ,10
1055,LANÇADORES DE FOGUETES E PIROTÉCNICOS                                                                                   ,10
1070,REDES SUBMARINAS DE DEFESA DE PORTOS                                                                                    ,10
1075,EQUIPAMENTOS DE DESMAGNETIZAÇÃO E DE VARREDURA DE MINAS                                                                 ,10
1080,EQUIPAMENTOS DE CAMUFLAGEM E DE DISSIMULAÇÃO                                                                            ,10
1090,CONJUNTOS INTERCAMBIÁVEIS DE DUAS OU MAIS CLASSES                                                                       ,10
1095,ARMAMENTOS DIVERSOS                                                                                                     ,10
1105,BOMBAS NUCLEARES                                                                                                        ,11
1110,PROJÉTEIS NUCLEARES                                                                                                     ,11
1115,OGIVAS NUCLEARES E SEÇÕES DE OGIVAS NUCLEARES                                                                           ,11
1120,BOMBAS NUCLEARES DE PROFUNDIDADE                                                                                        ,11
1125,CARGAS NUCLEARES DE DEMOLIÇÃO                                                                                           ,11
1127,FOGUETES NUCLEARES                                                                                                      ,11
1130,CONJUNTOS DE CONVERSÃO PARA ARMAMENTO NUCLEAR                                                                           ,11
1135,DISPOSITIVOS DE DETONAÇÃO E DISPARO DE ARMAMENTO                                                                        ,11
1140,COMPONENTES NUCLEARES                                                                                                   ,11
1145,COMPONENTES EXPLOSIVOS E PIROTÉCNICOS DE ARMAMENTO NUCLEAR                                                              ,11
1190,EQUIPAMENTO ESPECIALIZADO DE MANUSEIO E ENSAIO DE  ARMAMENTONUCLEAR                                                     ,11
1195,MATERIAL BÉLICO NUCLEAR DIVERSOS                                                                                        ,11
1210,DIRETORAS DE CONTROLE DE TIRO                                                                                           ,12
1220,DISPOSITIVOS E CORRETORES DE CONTROLE DE TIRO                                                                           ,12
1230,SISTEMAS COMPLETOS DE CONTROLE DE TIRO                                                                                  ,12
1240,EQUIPAMENTOS ÓTICOS DE VISADA E MEDIÇÃO DE DISTÂNCIA                                                                    ,12
1250,MECANISMOS DE ESTABILIZAÇÃO E CONTROLE DE TIRO                                                                          ,12
1260,EQUIPAMENTO DE DESIGNAÇÃO E INDICAÇÃO DE CONTROLE DE TIRO                                                               ,12
1265,EQUIPAMENTO DE RECEPÇÃO E TRANSMISSÃO DE  CONTROLE  DE  TIRO(EXCETO DE AERONAVE)                                        ,12
1270,COMPONENTES DE CONTROLE DE TIRO DE AERONAVES                                                                            ,12
1280,COMPONENTES DE CONTROLE DE TIRO EM AERONAVES DE BOMBARDEIO                                                              ,12
1285,EQUIPAMENTO RADAR DE CONTROLE DE TIRO (EXCETO DE AERONAVES)                                                             ,12
1287,EQUIPAMENTO SONAR DE CONTROLE DE TIRO                                                                                   ,12
1290,EQUIPAMENTOS DIVERSOS DE CONTROLE DE TIRO                                                                               ,12
1295,EQUIPAMENTO DE CONTROLE DE TIRO DIVERSOS                                                                                ,12
1305,MUNIÇÃO DE CALIBRE ATÉ 30 MM                                                                                            ,13
1310,MUNIÇÃO DE CALIBRE ACIMA DE 30 MM ATÉ 75 MM                                                                             ,13
1315,MUNIÇÃO DE CALIBRE ACIMA DE 75MM ATÉE 125MM                                                                             ,13
1320,MUNIÇÃO DE CALIBRE ACIMA DE 125 MM                                                                                      ,13
1325,BOMBAS                                                                                                                  ,13
1330,GRANADAS                                                                                                                ,13
1336,OGIVAS E COMPONENTES EXPLOSIVOS DE MISSEIS GUIADOS                                                                      ,13
1337,UNIDADES DE PROPULSAO EXPLOSIVA A COMBUSTIVEL SOLIDO DE VEICULOS ESPACIAIS E MISSEIS GUIADOS E SEUS COMPONENTES         ,13
1338,UNIDADES DE PROPULSAO INERTES A COMBUSTIVEL SOLIDO DE VEICULOS ESPACIAIS E MISSEIS GUIADOS E SEUS COMPONENTES           ,13
1340,"ROJÕES, FOGUETES, MUNIÇÃO E COMPONENTES                                                                                 ",13
1345,MINAS TERRESTRES                                                                                                        ,13
1346,MUNIÇÕES DE CONTROLE À DISTÂNCIA                                                                                        ,13
1350,COMPONENTES INERTES DE MINA SUBMARINA                                                                                   ,13
1351,COMPONENTES EXPLOSIVOS DE MINAS SUBMARINAS                                                                              ,13
1352,DISPOSITIVOS INERTES DE MINAS SUBAQUÁTICAS                                                                              ,13
1353,DISPOSITIVOS EXPLOSIVOS DE MINAS SUBAQUÁTICAS                                                                           ,13
1355,COMPONENTES INERTES DE TORPEDOS                                                                                         ,13
1356,COMPONENTES EXPLOSIVOS DE TORPEDOS                                                                                      ,13
1360,COMPONENTES INERTES DE CARGAS DE PROFUNDIDADE                                                                           ,13
1361,COMPONENTES EXPLOSIVOS DE BOMBAS DE PROFUNDIDADE                                                                        ,13
1365,PRODUTOS QUIMICOS DE USO MILITAR                                                                                        ,13
1367,CONJUNTOS E EQUIPAMENTOS TÁTICOS                                                                                        ,13
1370,PIROTECNICOS                                                                                                            ,13
1375,MATERIAIS DE DEMOLIÇÃO                                                                                                  ,13
1376,EXPLOSIVOS A GRANEL                                                                                                     ,13
1377,DISPOSITIVOS ACIONADOS POR PROPELENTES E CARTUCHOS                                                                      ,13
1380,AGENTES BIOLOGICOS DE USO MILITAR                                                                                       ,13
1385,EQUIPAMENTOS E FERRAMENTAS PARA MANUSEIO DE EXPLOSIVO NA SU-PERFÍCIE                                                    ,13
1386,EQUIPAMENTOS E FERRAMENTAS PARA MANUSEIO DE  EXPLOSIVO  SUB-MERSO                                                       ,13
1390,ESPOLETAS E ESTOPILHAS                                                                                                  ,13
1395,COMPONENTES DIVERSOS DE MUNIÇÃO                                                                                         ,13
1398,EQUIPAMENTOS ESPECIALIZADOS PARA MANUSEIO E CONSERVACAO DE MUNICAO                                                      ,13
1410,MÍSSEIS GUIADOS                                                                                                         ,14
1420,COMPONENTES DE MÍSSEIS GUIADOS                                                                                          ,14
1425,SISTEMAS COMPLETOS DE MÍSSEIS GUIADOS                                                                                   ,14
1427,SUBSISTEMAS DE MÍSSEIS GUIADOS                                                                                          ,14
1430,SISTEMA DE CONTROLE REMOTO DE MÍSSEIS GUIADOS                                                                           ,14
1440,LANÇADORES DE MÍSSEIS GUIADOS                                                                                           ,14
1450,EQUIPAMENTO PARA MANUSEIO DE MANUTENÇÃO DE MÍSSEIS GUIADOS                                                              ,14
1495,MISSEIS GUIADOS DIVERSOS                                                                                                ,14
1505,AERONAVES                                                                                                               ,15
1510,AERONAVES DE ASAS FIXAS                                                                                                 ,15
1515,HELICES DE AERONAVES E COMPONENTES                                                                                      ,15
1520,AERONAVES DE ASA ROTATIVAS                                                                                              ,15
1525,COMPONENTES DE SISTEMA DE FREIOS E RODAS                                                                                ,15
1530,"COMPNENTES DE SISTEMA HIDRAULICO, DE VACUO E  DEGELAMENTO                                                               ",15
1535,"COMPONENTE DE SISTEMAS DE CONDICIONAMENTO  DE  AR,DO AQUECIMENTO E DE PRESSURIZACAO                                     ",15
1540,PLANADORES                                                                                                              ,15
1550,AERONAVES TELEGUIADAS                                                                                                   ,15
1560,COMPONENTES ESTRUTURAIS DE AERONAVES                                                                                    ,15
1595,AERONAVES E COMPONENTES ESTRUTURAIS DIVERSOS                                                                            ,15
1610,HELICES DE AERONAVES                                                                                                    ,16
1615,"PÁS DE ROTOR DE HELICOPTERO, MECANISMOS DE TRANSMISSÃO E    COMPONENTES                                                 ",16
1620,COMPONENTES DE TREM DE POUSO DE AERONAVE                                                                                ,16
1630,SISTEMAS DE RODAS E DE FREIO DE AERONAVES                                                                               ,16
1650,"COMPONENTES DOS SISTEMAS HIDRÁULICOS,DE VÁCUO E DEGELO      DE AERONAVES                                                ",16
1660,"EQUIPAMENTOS DE AR CONCICIONADO, AQUECIMENTO E PRESSURIZAÇÃODE AERONAVES                                                ",16
1670,"PÁRA-QUEDAS,SISTEMAS DE COLETA, LANÇAMENTO E RESGATE AÉREO  E EQUIPAMENTOS DE AMARRAÇÃO DE CARGAS                       ",16
1680,ACESSORIOS E COMPONENTES DIVERSOS DE AERONAVES                                                                          ,16
1695,COMPONENTES E ACESSORIOS DE AERONAVES DIVERSOS                                                                          ,16
1705,EQUIPAMENTOS PARA SERVICOS DE AERODROMOS                                                                                ,17
1710,EQUIPAMENTOS PARA POUSO DE AERONAVES                                                                                    ,17
1720,EQUIPAMENTOS PARA LANÇAMENTO DE AERONAVES                                                                               ,17
1730,EQUIPAMENTOS DE SERVICOS EM TERRA DE AERONAVES                                                                          ,17
1740,TRATORES E REBOQUES ESPECIALIZADOS PARA AEROPORTOS                                                                      ,17
1795,"EQUIPAMENTOS PARA LANCAMENTO, POUSO E MANOBRA  DE  AERONAVESDIVERSOS                                                    ",17
1805,VEICULOS                                                                                                                ,18
1810,VEÍCULOS ESPACIAIS                                                                                                      ,18
1820,COMPONENTES DE VEICULOS ESPACIAIS                                                                                       ,18
1830,SISTEMAS DE CONTROLE REMOTO DE VEICULOS ESPACIAIS                                                                       ,18
1840,LANCADORES DE VEICULOS ESPACIAIS                                                                                        ,18
1850,EQUIPAMENTOS DE SERVICOS E MANUSEIO DE VEICULOS ESPACIAIS                                                               ,18
1860,EQUIPAMENTOS DE SOBREVIVÊNCIA ESPACIAL                                                                                  ,18
1895,VEICULOS ESPACIAIS DIVERSOS                                                                                             ,18
1905,NAVIOS DE GUERRA E EMBARCACOES DE DESEMBARQUE                                                                           ,19
1910,NAVIOS PARA TRANSPORTE DE PASSAGEIRO E DE TROPA                                                                         ,19
1915,NAVIOS TANQUES E CARGUEIROS                                                                                             ,19
1920,NAVIOS PESQUEIROS                                                                                                       ,19
1925,NAVIOS DE SERVICOS ESPECIAIS                                                                                            ,19
1930,BATELOES E CHATAS PARA CARGAS                                                                                           ,19
1935,BATELOES E CHATAS PARA FINS ESPECIAIS                                                                                   ,19
1940,EMBARCAÇÕES PEQUENAS                                                                                                    ,19
1945,PONTÕES E DOCAS FLUTUANTES                                                                                              ,19
1950,DIQUES FLUTUANTES                                                                                                       ,19
1955,DRAGAS                                                                                                                  ,19
1990,EMBARCACOES DIVERSAS                                                                                                    ,19
2010,EQUIPAMENTOS DE PROPULSÃO DE NAVIOS E EMBARCAÇÕES                                                                       ,20
2020,CORDAMES E EQUIPAMENTOS CORRELATOS                                                                                      ,20
2030,MAQUINARIA DE CONVES                                                                                                    ,20
2040,FERRAGENS DE MARINHARIA E ITENS DE CASCO                                                                                ,20
2050,BOIAS                                                                                                                   ,20
2060,EQUIPAMENTO COMERCIAL DE PESCA                                                                                          ,20
2090,EQUIPAMENTOS DIVERSOS PARA NAVIOS E MARINHARIA                                                                          ,20
2210,LOCOMOTIVAS                                                                                                             ,22
2220,VAGÕES FERROVIÁRIOS                                                                                                     ,22
2230,EQUIPAMENTO DE CONSTRUÇAO E MANUTENÇAO DE LEITO DE FERROVIA                                                             ,22
2240,ACESSÓRIOS E COMPONENTES DE LOCOMOTIVAS E DE VAGÕES FERROVI-ÁRIOS                                                       ,22
2250,MATERIAIS DE FERROVIA                                                                                                   ,22
2305,VEÍCULOS DE EFEITO-SOLO                                                                                                 ,23
2310,VEÍCULOS MOTORIZADOS DE PASSAGEIROS                                                                                     ,23
2315,VEICULOS DE SERVICOS ESPECIAIS                                                                                          ,23
2320,VEÍCULOS SOBRE RODAS                                                                                                    ,23
2330,REBOQUES                                                                                                                ,23
2340,"MOTOCICLETAS, MOTONETAS E BICICLETAS                                                                                    ",23
2350,VEÍCULOS TÁTICOS SOBRE LAGARTAS                                                                                         ,23
2410,TRATORES DE BAIXA VELOCIDADE SOBRE LAGARTA                                                                              ,24
2420,TRATORES SOBRE RODAS                                                                                                    ,24
2430,TRATORES DE ALTA VELOCIDADE SOBRE LAGARTAS                                                                              ,24
2510,"COMPONENTES DE CABINE, CARROCERIA E CHASSIS DE VEÍCULOS                                                                 ",25
2520,COMPONENTES DE TRANSMISSÃO DE VEÍCULOS                                                                                  ,25
2530,"COMPONENTES DE FREIO, DIREÇÃO, EIXO, RODA E LAGARTA  DE  VEÍCULOS                                                       ",25
2540,EQUIPAMENTO E ACESSÓRIOS PARA VEÍCULOS                                                                                  ,25
2541,ACESSÓRIOS VEICULARES ESPECÍFICOS PARA SISTEMAS DE ARMAS                                                                ,25
2590,COMPONENTES DIVERSOS PARA VEÍCULOS                                                                                      ,25
2610,"PNEUS E CÂMARAS DE AR, EXCETO OS DE AERONAVES                                                                           ",26
2620,PNEUS E CÂMARAS DE AR DE AERONAVES                                                                                      ,26
2630,PNEUS MACIÇO E DE BAIXA PRESSÃO                                                                                         ,26
2640,MATERIAL PARA REFORMA E REPARO DE PNEUS E CÂMARAS DE AR                                                                 ,26
2805,"MOTORES A GASOLINA E COMPONENTES, EXCETO  OS DE AERONAVES                                                               ",28
2810,MOTORES A GASOLINA PARA AERONAVES E COMPONENTES                                                                         ,28
2815,MOTORES DIESEL E COMPONENTES                                                                                            ,28
2820,MÁQUINAS ALTERNATIVAS A VAPOR E COMPONENTES                                                                             ,28
2825,TURBINAS A VAPOR E COMPONENTES                                                                                          ,28
2830,TURBINAS E RODAS D'ÁGUA E COMPONENTES                                                                                   ,28
2835,"TURBINAS A GÁS E MOTORES A JATO E COMPONENTES, EXCETO OS  DEAERONAVE                                                    ",28
2840,TURBINAS A GÁS E MOTORES A JATO DE AERONAVES E COMPONENTES                                                              ,28
2845,MOTORES DE FOGUETES E COMPONENTES                                                                                       ,28
2850,MOTORES ROTATIVOS A GASOLINA E COMPONENTES                                                                              ,28
2895,MOTORES DIVERSOS E COMPONENTES                                                                                          ,28
2910,"COMPONENTES DO SISTEMA DE COMBUSTÍVEL DE  MOTORES, EXCETO OSDE AERONAVES                                                ",29
2915,COMPONENTES DO SISTEMA DE COMBUSTÍVEL DE MOTORES  DE  AERONAVES                                                         ,29
2920,"COMPONENTES DO SISTEMA ELÉTRICO DE MOTORES, EXCETO OS DE AE-RONAVES                                                     ",29
2925,COMPONENTES DO SISTEMA ELÉTRICO DE MOTORES DE AERONAVES                                                                 ,29
2930,"COMPONENTES DO SISTEMA DE  RESFRIAMENTO  (ARREFECIMENTO)  DEMOTORES, EXCETO DE AERONAVES                                ",29
2935,COMPONENTES DO SISTEMA DE  RESFRIAMENTO  (ARREFECIMENTO)  DEMOTORES DE AERONAVES                                        ,29
2940,"FILTROS DE AR E DE ÓLEO, ELEMENTOS FILTRANTES E PURIFICADO- RES DE MOTORES, EXCETO DE AERONAVES                         ",29
2945,FILTROS DE AR E DE ÓLEO; ELEMENTOS FILTRANTES PURIFICADORES DE MOTORES DE AERONAVES.                                    ,29
2950,TURBO- SUPERCOMPRESSORES                                                                                                ,29
2990,"ACESSÓRIOS DIVERSOS DE MOTORES, EXCETO OS DE AERONAVES                                                                  ",29
2995,ACESSÓRIOS DIVERSOS DE MOTORES DE AERONAVES                                                                             ,29
3010,CONVERSORES DE TORQUE E CÂMBIOS DE VELOCIDADE                                                                           ,30
3020,"ENGRENAGENS, POLIAS, COROAS DENTADAS E  CORRENTES  DE  TRANSMISSÃO                                                      ",30
3030,"CORREAME, CORREIAS DE TRANSMISSÃO, CORREIAS DOS VENTILADORESE ACESSÓRIOS                                                ",30
3040,EQUIPAMENTOS DIVERSOS DE TRANSMISSÃO DE FORÇA                                                                           ,30
3110,ROLAMENTOS ANTIFRICÇÃO NÃO MONTADOS                                                                                     ,31
3120,MANCAIS NÃO MONTADOS                                                                                                    ,31
3130,ROLAMENTOS E MANCAIS MONTADOS                                                                                           ,31
3210,MÁQUINAS PARA SERRARIA E PREPARO DE MADEIRA                                                                             ,32
3220,MÁQUINAS PARA TRABALHOS EM MADEIRA                                                                                      ,32
3230,FERRAMENTAS E ACESSÓRIOS DE MÁQUINAS PARA TRABALHO EM  MADEIRA                                                          ,32
3405,MÁQUINAS DE SERRAR E LIMAR                                                                                              ,34
3408,MÁQUINAS DE FUNÇÕES MÚLTIPLAS                                                                                           ,34
3410,"MÁQUINAS DE DESBASTAR, ELÉTRICAS E ULTRA-SÔNICAS                                                                        ",34
3411,MÁQUINAS DE BROCAR                                                                                                      ,34
3412,MÁQUINAS DE MANDRILAR                                                                                                   ,34
3413,MÁQUINAS DE FURAR E ABRIR ROSCAS                                                                                        ,34
3414,MÁQUINAS PARA CORTE E ACABAMENTO DE ENGRENAGENS                                                                         ,34
3415,MÁQUINAS RETIFICADORAS                                                                                                  ,34
3416,TORNOS                                                                                                                  ,34
3417,MÁQUINAS DE FRESAR                                                                                                      ,34
3418,MÁQUINAS DE APLAINAR E TALHAR                                                                                           ,34
3419,MÁQUINAS-FERRAMENTA DIVERSAS                                                                                            ,34
3422,MÁQUINAS DE LAMINAR E TREFILAR                                                                                          ,34
3424,EQUIPAMENTO DE TRATAMENTO TÉRMICO E NÃO TÉRMICO DE METAIS                                                               ,34
3426,EQUIPAMENTOS PARA ACABAMENTO EM METAL                                                                                   ,34
3427,DEBASTADORAS E PLAINAS-LIMADORAS                                                                                        ,34
3431,EQUIPAMENTO PARA SOLDA A ARCO VOLTAICO                                                                                  ,34
3432,EQUIPAMENTO PARA SOLDA A RESISTÊNCIA ELÉTRICA                                                                           ,34
3433,"EQUIPAMENTO PARA SOLDA A GÁS, CORTE POR AQUECIMENTO E DE  METALIZAÇÃO                                                   ",34
3436,POSICIONADORES E MANIPULADORES DE SOLDA                                                                                 ,34
3438,EQUIPAMENTOS DIVERSOS DE SOLDA                                                                                          ,34
3439,"SUPRIMENTOS E ACESSÓRIOS PARA SOLDAS DIVERSAS, FRACAS E  FORTES                                                         ",34
3440,MATERIAIS E EQUIPAMENTOS PARA FUNDICAO                                                                                  ,34
3441,MÁQUINAS DE DOBRAR E DE MODELAR                                                                                         ,34
3442,PRENSAS HIDRÁULICAS E PNEUMÁTICAS ACIONADAS POR ENERGIA                                                                 ,34
3443,PRENSAS MECÂNICAS ACIONADAS POR ENERGIA                                                                                 ,34
3444,PRENSAS MANUAIS                                                                                                         ,34
3445,MÁQUINAS DE PUNCIONAR E CORTAR                                                                                          ,34
3446,FORJAS MECÂNICAS E MARTELOS PARA FORJAS                                                                                 ,34
3447,MÁQUINAS DE MODELAR FIOS E FITAS DE METAL                                                                               ,34
3448,MÁQUINAS DE REBITAR                                                                                                     ,34
3449,MÁQUINAS AUXILIARES PARA MODELAGEM E CORTE DE METAL                                                                     ,34
3450,MÁQUINAS-FERRAMENTA PORTÁTEIS                                                                                           ,34
3455,FERRAMENTAS DE CORTAR PARA MÁQUINAS FERRAMENTA                                                                          ,34
3456,FERRAMENTAS DE CORTE E MODELAGEM DE PEÇAS DE MÁQUINAS.                                                                  ,34
3460,ACESSÓRIOS PARA MÁQUINAS-FERRAMENTAS                                                                                    ,34
3461,ACESSÓRIOS PARA MÁQUINAS AUXILIARES PARA TRABALHO EM METAIS                                                             ,34
3465,GABARITOS E MOLDES DE PRODUÇÃO                                                                                          ,34
3470,"CONJUNTOS, JOGOS E ACESSÓRIOS PARA OFICINA MECÂNICA                                                                     ",34
3510,EQUIPAMENTOS DE LAVANDERIA E LAVAGEM A SECO                                                                             ,35
3520,EQUIPAMENTOS PARA CONSERTO DE CALÇADOS                                                                                  ,35
3530,MÁQUINAS DE COSTURA INDUSTRIAL E OFICINAS MÓVEIS  DE  CONSERTOS EM TECIDOS                                              ,35
3540,MÁQUINAS DE EMBALAR E EMPACOTAR                                                                                         ,35
3541,MAQUINAS INDUSTRIAIS DE VIDRO E CRISTAIS                                                                                ,35
3550,MÁQUINAS REGISTRADORAS AUTOMÁTICAS E MÁQUINAS ACIONADAS  COMFICHAS                                                      ,35
3590,EQUIPAMENTOS DIVERSOS PARA SERVIÇOS PROFISSIONAIS E  COMERCIAIS                                                         ,35
3605,MÁQUINAS E EQUIPAMENTOS PARA PRODUTOS ALIMENTÍCIOS                                                                      ,36
3610,"EQUIPAMENTO PARA IMPRESSÃO, DUPLICAÇÃO E ENCADERNAÇÃO                                                                   ",36
3611,MÁQUINAS INDUSTRIAIS PARA MARCAÇÃO                                                                                      ,36
3615,MÁQUINAS PARA INDÚSTRIA DE POLPA E DE PAPEL                                                                             ,36
3620,MÁQUINAS PARA TRABALHOS EM BORRACHA E PLÁSTICO                                                                          ,36
3625,MÁQUINAS PARA INDÚSTRIAS TÊXTEIS                                                                                        ,36
3630,MÁQUINAS PARA INDÚSTRIAS DE PRODUTOS DE ARGILA E CONCRETO                                                               ,36
3635,MÁQUINAS PARA INDÚSTRIAS DE CRISTAL E VIDRO                                                                             ,36
3640,MÁQUINAS PARA INDÚSTRIAS DE TABACO                                                                                      ,36
3645,MÁQUINAS PARA INDÚSTRIAS DE COURO E DE CURTUMES                                                                         ,36
3650,MÁQUINAS PARA INDÚSTRIAS DE PRODUTOS QUÍMICOS  E  FARMACÊUTICOS                                                         ,36
3655,"SISTEMAS DE GERAÇÃO E DISTRIBUIÇÃO DE GÁS, FIXOS OU MÓVEIS                                                              ",36
3660,MAQUINARIA PARA REDUÇÃO INDUSTRIAL DE TAMANHO                                                                           ,36
3670,"MÁQUINAS ESPECIALIZADAS PARA FABRICAÇÃO  DE  SEMICONDUTORES,CIRCUITOS MICROELETRÔNICOS E PLACAS DE CIRCUITOS IMPRESSOS  ",36
3680,"MÁQUINAS PARA FUNDIÇÃO, EQUIPAMENTOS E  SUPRIMENTOS  CORRELATOS                                                         ",36
3685,MÁQUINAS ESPECIALIZADAS PARA FABRICAÇÃO DE RECIPIENTES  METÁLICOS E EQUIPAMENTOS CORRELATOS                             ,36
3690,MÁQUINARIA ESPECIALIZADA PARA ARMAMENTO E MUNIÇÃO  E  EQUIPAMENTOS CORRELATOS                                           ,36
3693,MAQUINARIA INDUSTRIL PARA MONTAGEM                                                                                      ,36
3694,EQUIPAMENTOS E INSTALAÇÕES PARA SANEAMENTO AMBIENTAL                                                                    ,36
3695,MÁQUINAS DIVERSAS PARA INDÚSTRIAS ESPECIALIZADAS                                                                        ,36
3710,EQUIPAMENTO PARA PREPARAÇÃO DO SOLO                                                                                     ,37
3720,EQUIPAMENTO DE COLHEITA                                                                                                 ,37
3730,"EQUIPAMENTO DE LATICÍNIOS, AVICULTURA E PECUÁRIA                                                                        ",37
3740,"EQUIPAMENTO PARA CONTROLE DE PRAGAS, DOENÇAS E GEADAS                                                                   ",37
3750,IMPLEMENTOS E FERRAMENTAS DE JARDINAGEM                                                                                 ,37
3760,VEICULOS DE TRACAO ANIMAL E REBOQUES PARA USO AGRICOLA                                                                  ,37
3770,"SELARIA, ARREAMENTO, CHICOTE E ACESSÓRIOS CORRELATOS PARA   ANIMAIS                                                     ",37
3805,EQUIPAMENTOS PARA MOVIMENTAÇÃO E ESCAVAÇÃO DE TERRA                                                                     ,38
3810,GUINDASTES E ESCAVADEIRAS                                                                                               ,38
3815,ACESSÓRIOS PARA GUINDASTES E ESCAVADEIRAS                                                                               ,38
3820,"EQUIPAMENTOS PARA MINERAÇÃO, PERFURAÇÃO DE ROCHAS, TERRA  E CORRELATOS                                                  ",38
3825,EQUIPAMENTO DE DESOBSTRUÇÃO E LIMPEZA DE ESTRADAS                                                                       ,38
3830,ACESSÓRIOS PARA CAMINHÕES E TRATORES                                                                                    ,38
3835,EQUIPAMENTO PARA PRODUÇÃO E DISTRIBUIÇÃO DE PETRÓLEO                                                                    ,38
3895,EQUIPAMENTOS DIVERSOS PARA CONSTRUÇÃO                                                                                   ,38
3910,TRANSPORTADORES                                                                                                         ,39
3915,EQUIPAMENTOS ALIMENTADORES DE MATERIAIS-PRIMAS                                                                          ,39
3920,EQUIPAMENTOS NÃO AUTOPROPULSIONADO PARA MOVIMENTAÇÃO  DE  MATERIAIS                                                     ,39
3930,VEÍCULOS AUTOPROPULSIONADOS PARA ARMAZÉM                                                                                ,39
3940,"POLEAMES, TALHAS, MOITÕES, MASSAMES E LINGAS                                                                            ",39
3950,"GUINCHOS, IÇADORES, GUINDASTES E CÁBREAS                                                                                ",39
3960,ELEVADORES E ESCADAS ROLANTES                                                                                           ,39
3990,EQUIPAMENTOS DIVERSOS PARA MOVIMENTAÇÃO DE MATERIAIS                                                                    ,39
4010,CORRENTES E CABOS DE AÇO                                                                                                ,40
4020,"CABOS DE FIBRA, CORDOALHAS E BARBANTES                                                                                  ",40
4030,"ACESSÓRIOS PARA CORDAS, CABOS E CORRENTES                                                                               ",40
4110,EQUIPAMENTO PARA REFRIGERAÇÃO                                                                                           ,41
4120,EQUIPAMENTO DE AR CONDICIONADO                                                                                          ,41
4130,COMPONENTES DE EQUIPAMENTOS PARA REFRIGERAÇÃO E AR  CONDICIONADO                                                        ,41
4140,"VENTILADORES, CIRCULADORES DE AR E VENTOINHAS                                                                           ",41
4150,TUBOS DE TURBILHONAMENTO E OUTROS TUBOS  RELACIONADOS  À  REFRIGERAÇÃO                                                  ,41
4210,EQUIPAMENTOS PARA COMBATE A INCÊNDIO                                                                                    ,42
4220,EQUIPAMENTO PARA MERGULHO E SALVAMENTO MARÍTIMO                                                                         ,42
4230,EQUIPAMENTO  PARA DESCONTAMINAÇÃO E IMPREGNAÇÃO                                                                         ,42
4235,"RECIPIENTES PARA COLETA DE MATERIAIS PERIGOSOS, MATERIAIS E EQUIPAMENTOS DE LIMPEZA                                     ",42
4240,EQUIPAMENTO PARA SEGURANÇA E SALVAMENTO                                                                                 ,42
4250,EQUIPAMENTO PARA RECICLAGEM E RECUPERAÇÃO                                                                               ,42
4310,BOMBAS E COMPRESSORES A VÁCUO                                                                                           ,43
4320,BOMBAS MANUAIS E MECÂNICAS                                                                                              ,43
4330,"CENTRIFUGADORES, SEPARADORES E FILTROS DE PRESSÃO E A VÁCUO                                                             ",43
4410,CALDEIRAS INDUSTRIAIS                                                                                                   ,44
4420,TROCADORES DE CALOR E CONDENSADORES DE VAPOR                                                                            ,44
4425,EQUIPAMENTOS INDUSTRIAIS DE VENTILACAO E CIRCULACAO                                                                     ,44
4430,"FORNALHAS, FORNOS E ESTUFAS INDUSTRIAIS                                                                                 ",44
4440,"SECADORES, DESIDRATADORES E ANTI-HIDRATADORES                                                                           ",44
4460,EQUIPAMENTOS PARA PURIFICAÇÃO DE AR                                                                                     ,44
4470,REATORES NUCLEARES                                                                                                      ,44
4510,DISPOSITIVOS E ACESSÓRIOS PARA INSTALAÇÕES HIDRÁULICAS                                                                  ,45
4520,EQUIPAMENTOS PARA CALEFAÇÃO E AQUECEDORES DOMÉSTICOS DE ÁGUA                                                            ,45
4530,EQUIPAMENTOS PARA QUEIMA DE COMBUSTIVEL                                                                                 ,45
4540,"EQUIPAMENTOS DIVERSOS DE INSTALAÇÕES HIDRÁULICAS, SANITÁRIASE DE CALEFAÇÃO                                              ",45
4610,EQUIPAMENTOS PARA PURIFICAÇÃO DE ÁGUA                                                                                   ,46
4620,"EQUIPAMENTOS PARA DESTILAÇÃO DE ÁGUA, PARA  USO  MARÍTIMO E INDUSTRIAL                                                  ",46
4630,EQUIPAMENTOS PARA TRATAMENTO DE ESGOTOS                                                                                 ,46
4710,CANOS E TUBOS                                                                                                           ,47
4720,MANGUEIRAS E TUBULAÇÕES FLEXÍVEIS                                                                                       ,47
4730,"ACESSÓRIOS E FERRAGENS ESPECIAIS PARA  MANGUEIRAS, CANOS  E TUBOS                                                       ",47
4810,VÁLVULAS ACIONADAS POR FORÇA MOTRIZ                                                                                     ,48
4820,VÁLVULAS NÃO ACIONADAS POR FORÇA MOTRIZ                                                                                 ,48
4850,ATUADORES PARA MOVIMENTACAO DE VALVULAS                                                                                 ,48
4910,EQUIPAMENTO ESPECIALIZADO PARA OFICINA DE MANUTENÇÃO E  REPARO DE VEÍCULOS MOTORIZADOS                                  ,49
4920,EQUIPAMENTO ESPECIALIZADO PARA OFICINA DE MANUTENÇÃO E REPA-RO DE AERONAVES                                             ,49
4921,"EQUIPAMENTO ESPECIALIZADO PARA MANUTENÇÃO, REPARO E INSPEÇÃODE TORPEDOS                                                 ",49
4923,"EQUIPAMENTO ESPECIALIZADO PARA MANUTENÇÃO,REPARO E INSPEÇÃO DE MINAS SUBMARINAS E BOMBAS DE PROFUNDIDADE                ",49
4925,"EQUIPAMENTO ESPECIALIZADO PARA MANUTENÇÃO,REPARO E INSPEÇÃO DE MUNIÇÃO                                                  ",49
4927,"EQUIPAMENTO ESPECIALIZADO PARA MANUTENÇÃO,REPARO E INSPEÇÃO DE FOGUETES                                                 ",49
4930,EQUIPAMENTO PARA ABASTECIMENTO DE COMBUSTÍVEL E LUBRIFICAÇÃO                                                            ,49
4931,EQUIPAMENTO ESPECIALIZADO PARA OFICINA DE MANUTENÇÃO E  REPARO DE MATERIAL DE CONTROLE DE TIRO                          ,49
4933,EQUIPAMENTO ESPECIALIZADO PARA OFICINA DE MANUTENÇÃO E  REPARO DE ARMAMENTO                                             ,49
4935,"EQUIPAMENTO ESPECIALIZADO PARA MANUTENÇÃO,REPARO E INSPEÇÃO DE MÍSSEIS GUIADOS                                          ",49
4940,EQUIPAMENTO ESPECIALIZADO DIVERSOS PARA OFICINA  DE  MANUTENÇÃO E REPARO                                                ,49
4960,"EQUIPAMENTO ESPECIALIZADO PARA MANUTENÇÃO, REPARO E INSPEÇÃODE VEÍCULOS ESPACIAIS                                       ",49
4970,EQUIPAMENTO ESPECIALIZADO PARA MANUTENÇÃO E REPARO DE ARMAS MÚLTIPLAS GUIADAS                                           ,49
5110,"FERRAMENTAS MANUAIS DE CORTE, NÃO ACIONADAS POR FORÇA MOTRIZ                                                            ",51
5120,"FERRAMENTAS MANUAIS SEM CORTE, NÃO ACIONADAS  POR  FORÇA  MOTRIZ                                                        ",51
5130,FERRAMENTAS MANUAIS ACIONADAS POR FORÇA MOTRIZ                                                                          ,51
5133,"BROCAS, ALARGADORES, ESCARIADORES, MANUAIS E PARA USO EM  MÁQUINAS                                                      ",51
5135,CABOS DE FERRAMENTAS                                                                                                    ,51
5136,"MACHOS, MATRIZES E MANDRIS, MANUAIS E MECÂNICOS                                                                         ",51
5140,CAIXAS PARA FERRAMENTAS E FERRAGENS                                                                                     ,51
5180,JOGOS E CONJUNTOS DE FERRAMENTAS MANUAIS                                                                                ,51
5210,INSTRUMENTOS DE MEDIÇÃO PARA ARTÍFICES                                                                                  ,52
5220,CALIBRES DE INSPEÇÃO E FERRAMENTAS DE PRECISÃO                                                                          ,52
5280,JOGOS E CONJUNTOS DE INSTRUMENTOS DE MEDIÇÃO                                                                            ,52
5305,PARAFUSOS SEM PORCA                                                                                                     ,53
5306,PARAFUSOS COM PORCA                                                                                                     ,53
5307,PRISIONEIROS                                                                                                            ,53
5310,PORCAS E ARRUELAS                                                                                                       ,53
5315,"PREGOS, CHAVETAS E PINOS                                                                                                ",53
5320,REBITES                                                                                                                 ,53
5325,DISPOSITIVOS PARA FIXAÇÃO                                                                                               ,53
5330,GAXETAS E OUTROS MATERIAIS PARA VEDAÇÃO                                                                                 ,53
5331,ANÉIS                                                                                                                   ,53
5335,TELAS METÁLICAS                                                                                                         ,53
5340,FERRAGENS DIVERSAS                                                                                                      ,53
5341,CANTONEIRAS                                                                                                             ,53
5342,FERRAGENS DE PEÇA DE SISTEMAS DE ARMAS                                                                                  ,53
5345,DISCOS E PEDRAS ABRASIVOS                                                                                               ,53
5350,MATERIAIS ABRASIVOS                                                                                                     ,53
5355,BOTÕES E PONTEIROS                                                                                                      ,53
5360,"MOLAS DE ARAME, PLANAS E HELICOIDAIS                                                                                    ",53
5365,"ANÉIS, BUCHAS E ESPAÇADORES                                                                                             ",53
5410,EDIFICAÇÕES PRÉ-FABRICADAS E PORTÁTEIS                                                                                  ,54
5411,ABRIGOS DE PAREDE RÍGIDA                                                                                                ,54
5419,CONSTRUÇÕES COLETIVAS MODULARES DE APOIO                                                                                ,54
5420,PONTES FIXAS E FLUTUANTES                                                                                               ,54
5430,TANQUES DE ARMAZENAGEM                                                                                                  ,54
5440,EQUIPAMENTOS PARA MONTAGEM DE ANDAIME E FORMAS DE CONCRETO                                                              ,54
5445,ESTRUTURAS DE TORRES PRÉ-FABRICADAS                                                                                     ,54
5450,ESTRUTURAS PRÉ-FABRICADAS DIVERSAS                                                                                      ,54
5510,TÁBUAS E ARTIGOS CORRELATOS À BASE DE MADEIRA                                                                           ,55
5520,ESQUADRIAS                                                                                                              ,55
5530,COMPENSADOS E FOLHEADOS                                                                                                 ,55
5610,"MATERIAIS DE ORIGEM MINERAL PARA CONSTRUÇÃO, A GRANEL                                                                   ",56
5620,"VIDROS, TELHAS, TIJOLOS E BLOCOS PARA CONSTRUÇÃO                                                                        ",56
5630,"TUBOS E CONDUTOS, NÃO METÁLICOS, PARA CONSTRUÇÃO                                                                        ",56
5640,"PAINEL DE PAPELÃO,PAPEL EMPREGADO EM CONSTRUÇÃO E MATERIAIS DE ISOLAMENTO TÉRMICO                                       ",56
5650,MATERIAIS PARA TELHADOS E REVESTIMENTO DE PAREDES                                                                       ,56
5660,"CERCAS, GRADES E PORTÕES                                                                                                ",56
5670,COMPONENTES PRÉ-FABRICADOS PARA CONSTRUÇÃO                                                                              ,56
5675,MATERIAL DE CONSTRUÇÃO SINTÉTICO E ARTIGOS CORRELATOS                                                                   ,56
5680,MATERIAIS DIVERSOS PARA CONSTRUÇÃO                                                                                      ,56
5805,EQUIPAMENTO TELEFÔNICO E TELEGRÁFICO                                                                                    ,58
5810,EQUIPAMENTOS E COMPONENTES PARA SEGURANÇA DE COMUNICAÇÕES                                                               ,58
5811,OUTROS EQUIPAMENTOS CRIPTOLÓGICOS E COMPONENTES                                                                         ,58
5815,EQUIPAMENTOS DE TELETIPO E FAC-SÍMILE                                                                                   ,58
5820,"EQUIPAMENTOS PARA COMUNICAÇÃO POR RÁDIO E TELEVISÃO, EXCETO OS DE AERONAVES                                             ",58
5821,"EQUIPAMENTOS PARA COMUNICACÃO POR RÁDIO E TELEVISÃO, PARA A-ERONAVES                                                    ",58
5825,"EQUIPAMENTOS DE RADIONAVEGAÇÃO, EXCETO OS DE AERONAVES                                                                  ",58
5826,EQUIPAMENTOS PARA RADIONAVEGAÇÃO DE AERONAVES                                                                           ,58
5830,"SISTEMAS DE INTERCOMUNICAÇÃO E AMPLIFICAÇÃO DE  VOZ,  EXCETOOS DE AERONAVES                                             ",58
5831,"SISTEMAS PARA INTERCOMUNICAÇÃO E AMPLIFICAÇÃO DE VOZ, DE  AERONAVES                                                     ",58
5835,EQUIPAMENTOS PARA GRAVAÇÃO E REPRODUÇÃO DE SOM                                                                          ,58
5836,EQUIPAMENTOS PARA GRAVAÇÃO E REPRODUÇÃO DE VÍDEO                                                                        ,58
5840,"EQUIPAMENTOS DE RADAR, EXCETO OS DE AERONAVES                                                                           ",58
5841,EQUIPAMENTOS DE RADAR PARA AERONAVES                                                                                    ,58
5845,EQUIPAMENTOS SUBMARINO DE SOM                                                                                           ,58
5850,EQUIPAMENTOS PARA COMUNICAÇÃO COM LUZ VISÍVEL E INVISÍVEL                                                               ,58
5855,"EQUIPAMENTOS PARA VISÃO NOTURNA, POR RADIAÇÃO EMITIDA  E  REFLETIDA                                                     ",58
5860,"DISPOSITIVOS DE RADIAÇÃO COERENTE ESTIMULADA, SEUS  COMPONENTES E ACESSÓRIOS                                            ",58
5865,"EQUIPAMENTOS PARA CONTRAMEDIDAS ELETRÔNICAS,   CONTRA-CONTRAMEDIDAS E DE CAPACIDADE DE REAÇÃO RÁPIDA                    ",58
5895,EQUIPAMENTOS DIVERSOS PARA COMUNICAÇÕES                                                                                 ,58
5905,RESISTORES                                                                                                              ,59
5910,CAPACITORES                                                                                                             ,59
5915,FILTROS E REDES                                                                                                         ,59
5920,"FUSÍVEIS INTERRUPTORES, ISOLANTES E PROTETORES                                                                          ",59
5925,DISJUNTORES                                                                                                             ,59
5930,CHAVES ELÉTRICAS                                                                                                        ,59
5935,CONECTORES ELÉTRICOS                                                                                                    ,59
5940,"BORNES, TERMINAIS E LÂMINAS TERMINAIS                                                                                   ",59
5945,RELÉS E SOLENÓIDES                                                                                                      ,59
5950,BOBINAS E TRANSFORMADORES                                                                                               ,59
5955,CRISTAIS OSCILADORES E PIEZOELÉTRICOS                                                                                   ,59
5960,VÁLVULAS ELETRÔNICAS E FERRAGENS CORRELATAS                                                                             ,59
5961,DISPOSITIVOS A SEMICONDUTOR E PLACAS ASSOCIADAS (CIRCUITOS)                                                             ,59
5962,MICROCIRCUITOS ELETRÔNICOS                                                                                              ,59
5963,MÓDULOS ELETRÔNICOS                                                                                                     ,59
5965,"FONES, MICROFONES E ALTO-FALANTES                                                                                       ",59
5970,ISOLADORES ELÉTRICOS E MATERIAIS ISOLANTES                                                                              ,59
5975,FERRAGENS E SUPRIMENTOS DE ELETRICIDADE                                                                                 ,59
5977,ESCOVAS DE CONTATO ELÉTRICO E ELETRODOS                                                                                 ,59
5980,DISPOSITIVOS OPTOELETRÔNICOS E ITENS CORRELATOS                                                                         ,59
5985,"ANTENAS, GUIAS DE ONDA E ITENS CORRELATOS                                                                               ",59
5990,SINCRONIZADORES E ANALISADORES                                                                                          ,59
5995,"CONJUNTOS DE CABOS, CORDÕES E FIOS ELÉTRICOS PARA  EQUIPAMENTOS DE COMUNICAÇÕES                                         ",59
5996,AMPLIFICADORES                                                                                                          ,59
5998,"CONJUNTOS ELÉTRICOS E ELETRÔNICOS, PLACAS, CARTÕES  E  ITENSCORRELATOS                                                  ",59
5999,COMPONENTES ELÉTRICOS E ELETRÔNICOS DIVERSOS                                                                            ,59
6004,JUNTAS ROTATIVAS                                                                                                        ,60
6005,"ACOPLADORES , ISOLADORES E MISTURADORES                                                                                 ",60
6006,ATENUADORES                                                                                                             ,60
6007,FILTROS                                                                                                                 ,60
6008,MULTIPLEXADORES E DEMULTIPLEXADORES                                                                                     ,60
6010,CONDUTORES DE FIBRA ÓTICA                                                                                               ,60
6015,CABOS DE FIBRA ÓTICA                                                                                                    ,60
6020,CONJUNTOS MONTADOS DE CABOS DE FOBRA ÓTICA                                                                              ,60
6021,INTERRUPTORES DE FIBRA ÓTICA                                                                                            ,60
6025,TRANSMISSORES DE FIBRA OTICA                                                                                            ,60
6026,RECEPTORES DE FIBRA OTICA                                                                                               ,60
6029,REPETIDORES OTICOS                                                                                                      ,60
6030,DISPOSITIVOS DE FIBRA ÓTICA                                                                                             ,60
6031,CIRCUITOS OTICOS INTEGRADOS                                                                                             ,60
6032,FONTES DE LUZ DE FIBRA ÓTICA E FOTODETETORES                                                                            ,60
6033,FOTO DETETORES DE FIBRA OTICA                                                                                           ,60
6034,MODULADORES E DEMODULADORES DE FIBRA OTICA                                                                              ,60
6035,DISPOSITIVOS DE TRANSFERÊNCIA DE LUZ E DE IMAGEM DE FIBRA  ÓTICA                                                        ,60
6040,SENSORES DE FIBRA OTICA                                                                                                 ,60
6050,DISPOSITIVOS PASSIVOS DE FIBRA OTICA                                                                                    ,60
6060,INTERCONECTORES E SUPRIMENTOS DE FIBRA ÓTICA                                                                            ,60
6070,ACESSÓRIOS E MATERIAIS DE FIBRAS ÓTICAS                                                                                 ,60
6080,JOGOS E CONJUNTOS DE FIBRAS ÓTICAS                                                                                      ,60
6099,COMPONENTES DIVERSOS DE FIBRA ÓTICA                                                                                     ,60
6105,MOTORES ELÉTRICOS                                                                                                       ,61
6110,EQUIPAMENTOS DE CONTROLE ELÉTRICO                                                                                       ,61
6115,GERADORES E CONJUNTOS GERADORES ELÉTRICOS                                                                               ,61
6116,"UNIDADES DE FORÇA DE CÉLULA DE  COMBUSTÍVEL,  COMPONENTES E ACESSÓRIOS                                                  ",61
6117,SISTEMA DE ENERGIA ELÉTRICA SOLAR                                                                                       ,61
6120,TRANSFORMADORES PARA ESTAÇÃO DE FORÇA E DE DISTRIBUIÇÃO                                                                 ,61
6125,CONVERSORES ELÉTRICOS ROTATIVOS                                                                                         ,61
6130,CONVERSORES ELÉTRICOS ESTÁTICOS                                                                                         ,61
6135,BATERIAS NAO RECARREGÁVEIS                                                                                              ,61
6140,BATERIAS RECARREGÁVEIS                                                                                                  ,61
6145,FIOS E CABOS ELÉTRICOS                                                                                                  ,61
6150,EQUIPAMENTOS DIVERSOS PARA GERAÇÃO E DISTRIBUIÇÃO DE ENERGIA                                                            ,61
6160,ACESSÓRIOS E REVESTIMENTOS DIVERSOS PARA BATERIAS                                                                       ,61
6210,APARELHOS DE ILUMINAÇÃO ELÉTRICA DE USO INTERNO E EXTERNO                                                               ,62
6220,LUZES E EQUIPAMENTOS DE ILUMINAÇÃO ELÉTRICA PARA VEÍCULOS                                                               ,62
6230,EQUIPAMENTOS DE ILUMINAÇÃO ELÉTRICA MANUAL E PORTÁTIL                                                                   ,62
6240,LÂMPADAS ELÉTRICAS                                                                                                      ,62
6250,"LUSTRES, SUPORTES PARA LÂMPADAS E ELEMENTOS DE PARTIDA                                                                  ",62
6260,EQUIPAMENTOS DE ILUMINAÇÃO NÃO ELÉTRICOS                                                                                ,62
6310,SISTEMA DE SINALIZAÇÃO DE TRÁFEGO E TRÂNSITO                                                                            ,63
6320,SISTEMAS DE SINALIZAÇÃO E ALARME DE EMBARCAÇÕES                                                                         ,63
6330,SISTEMAS DE SINALIZAÇÃO E ALARME PARA FERROVIAS                                                                         ,63
6340,SISTEMAS DE SINALIZAÇÃO E ALARME PARA AERONAVES                                                                         ,63
6350,"SISTEMAS DIVERSOS DE SINALIZAÇÃO, ALARME E DETECÇÃO PARA  SEGURANÇA                                                     ",63
6405,MEDICAMENTOS PARA APARELHOS DIGESTIVO METABOLISMO E NUTRICAO                                                            ,64
6410,MEDICAMENTOS PARA SANGUE E ORGAOS HEMATOPOETICOS                                                                        ,64
6415,MEDICAMENTOS PARA APARELHO CARDIVASCULAR                                                                                ,64
6420,"MEDICAMENTOS PARA DERMATOLOGICOS,   OTOLOGICOS   EOFTAMOLOGICOS                                                         ",64
6425,MEDICAMENTOS PARA APARELHOS GENITOURINARIO E HARMONIOS SEXUAIS                                                          ,64
6430,"MEDICAMENTOS PARA HORMONIOS, EXCETO SEXUAIS E METABOLISMO                                                               ",64
6435,MEDICAMENTOS PARA QUIMIOTERAPIA                                                                                         ,64
6440,MEDICAMENTOS PARA IMUNOTERAPIA E ALERGIA                                                                                ,64
6445,MEDICAMENTOS PARA SISTEMA NERVOSO                                                                                       ,64
6450,MEDICAMENTOS PARA APARELHO RESPIRATORIO                                                                                 ,64
6455,MEDICAMENTOS PARA SISTEMA MUSCULO ESQUELETICO                                                                           ,64
6460,MEDICAMENTOS PARA AGENTES DIAGNOSTICOS                                                                                  ,64
6465,OUTROS MEDICAMENTOS                                                                                                     ,64
6470,DROGAS E PRODUTOS QUIMICOS PARA ANALISE   LABORATORIAIS                                                                 ,64
6475,PRODUTOS QUIMICOS                                                                                                       ,64
6495,"MEDICAMENTOS, DROGAS E PRODUTOS BIOLOGICOS, DIVER SOS                                                                   ",64
6505,DROGAS E MEDICAMENTOS                                                                                                   ,65
6508,COSMÉTICOS E ARTIGOS DE TOUCADOR DE NATUREZA MEDICINAL                                                                  ,65
6509,DROGAS E PRODUTOS BIOLÓGICOS DE USO VETERINÁRIO                                                                         ,65
6510,MATERIAIS CIRÚRGICOS PARA CURATIVOS                                                                                     ,65
6515,"INSTRUMENTOS, EQUIPAMENTOS E SUPRIMENTOS MÉDICOS  E  CIRÚRGICOS                                                         ",65
6520,"INSTRUMENTOS, EQUIPAMENTOS E SUPRIMENTOS DENTÁRIOS                                                                      ",65
6525,"EQUIPAMENTOS E SUPRIMENTOS DE RAIOS-X DE USO  MÉDICO,  DENTÁRIO E VETERINÁRIO                                           ",65
6530,"MOBILIÁRIO, EQUIPAMENTOS, UTENSÍLIOS E  SUPRIMENTOS  HOSPITALARES                                                       ",65
6532,VESTUÁRIO HOSPITALAR E CIRÚRGICO E ITENS CORRELATOS DE  FINALIDADES ESPECIAIS                                           ,65
6540,"EQUIPAMENTOS, INSTRUMENTOS E SUPRIMENTOS OFTALMOLÓGICOS                                                                 ",65
6545,JOGOS E CONJUNTOS MÉDICOS                                                                                               ,65
6550,"SUBSTÂNCIAS PARA DIAGNÓSTICO ""IN VITRO"",  REAGENTES,  CONJUNTOS E JOGOS PARA TESTE                                      ",65
6555,JOGOS E CONJUNTOS MEDICOS                                                                                               ,65
6605,INSTRUMENTOS DE NAVEGAÇÃO                                                                                               ,66
6610,INSTRUMENTOS DE VÔO                                                                                                     ,66
6615,MECANISMOS DE PILOTO AUTOMÁTICO E  COMPONENTES GIROSCÓPICOS DE AERONAVES                                                ,66
6620,INSTRUMENTOS DE MOTOR                                                                                                   ,66
6625,INSTRUMENTO DE TESTE E DE MEDIÇÃO DE PROPRIEDADES ELÉTRICAS E ELETRÔNICAS                                               ,66
6630,INSTRUMENTOS PARA ANÁLISES QUÍMICAS                                                                                     ,66
6635,EQUIPAMENTOS PARA TESTES DE PROPRIEDADES FÍSICAS                                                                        ,66
6636,CÂMARAS DE CONTROLE AMBIENTAL E EQUIPAMENTOS CORRELATOS                                                                 ,66
6640,EQUIPAMENTOS E ARTIGOS DE LABORATÓRIO                                                                                   ,66
6645,INSTRUMENTOS PARA MEDIÇÃO DE TEMPO                                                                                      ,66
6650,"INSTRUMENTOS ÓTICOS, EQUIPAMENTOS DE TESTE, COMPONENTES  E ACESSÓRIOS                                                   ",66
6655,INSTRUMENTOS GEOFÍSICOS                                                                                                 ,66
6660,INSTRUMENTOS E APARELHOS METEOROLÓGICOS                                                                                 ,66
6665,INSTRUMENTOS E APARELHOS DE DETECÇÃO DE PERIGO                                                                          ,66
6670,ESCALAS E BALANÇAS                                                                                                      ,66
6675,"INSTRUMENTOS DE DESENHO, TOPOGRAFIA E CARTOGRAFIA                                                                       ",66
6680,"INSTRUMENTOS PARA MEDIÇÃO DE FLUXO DE LÍQUIDO E  GÁS, NÍVEL DE LÍQUIDOS E DE MOVIMENTOS MECÂNICOS                       ",66
6685,"INSTRUMENTOS PARA MEDIÇÃO E CONTROLE DE PRESSÃO,TEMPERATURA E UMIDADE                                                   ",66
6695,INSTRUMENTOS COMBINADOS DIVERSOS                                                                                        ,66
6710,CÂMARAS CINEMATOGRÁFICAS                                                                                                ,67
6720,CÂMARAS FOTOGRÁFICAS                                                                                                    ,67
6730,EQUIPAMENTO PARA PROJEÇÃO FOTOGRÁFICA                                                                                   ,67
6740,EQUIPAMENTO PARA REVELAÇÃO E ACABAMENTO FOTOGRÁFICO                                                                     ,67
6750,SUPRIMENTOS FOTOGRÁFICOS                                                                                                ,67
6760,EQUIPAMENTO FOTOGRÁFICO E ACESSÓRIOS                                                                                    ,67
6770,FILMES REVELADOS                                                                                                        ,67
6780,JOGOS E CONJUNTOS FOTOGRÁFICOS                                                                                          ,67
6810,PRODUTOS QUÍMICOS                                                                                                       ,68
6820,CORANTES                                                                                                                ,68
6830,GASES COMPRIMIDOS E LIQUEFEITOS                                                                                         ,68
6840,PESTICIDAS E DESINFETANTES                                                                                              ,68
6850,ESPECIALIDADES QUÍMICAS DIVERSAS                                                                                        ,68
6910,ACESSÓRIOS PARA TREINAMENTO                                                                                             ,69
6920,ACESSÓRIOS PARA TREINAMENTO DE ARMAMENTO                                                                                ,69
6930,ACESSÓRIOS PARA TREINAMENTO OPERACIONAL                                                                                 ,69
6940,ACESSÓRIOS PARA TREINAMENTO DE COMUNICAÇÕES                                                                             ,69
7005,EQUIPAMENTOS DE ENTRADA E SAIDA DE DADOS                                                                                ,70
7010,COMPUTADORES                                                                                                            ,70
7015,EQUIPAMENTOS DE APOIO                                                                                                   ,70
7020,IMPRESSORAS                                                                                                             ,70
7021,UNIDADES CENTRAIS DE PROCESSAMENTO DIGITAIS                                                                             ,70
7022,UNIDADES CENTRAIS DE PROCESSAMENTO HÍBRIDAS                                                                             ,70
7025,UNIDADES DE ARMAZENAMENTO DE ENTRADA E SAÍDA DE DADOS                                                                   ,70
7030,EQUIPAMENTOS DE ARMAZENAMENTO DE DADOS                                                                                  ,70
7035,EQUIPAMENTOS SUPORTES DE PROCESSAMENTO AUTOMÁTICO DE DADOS                                                              ,70
7040,EQUIPAMENTOS DE ENTRADA DE DADOS                                                                                        ,70
7042,DISPOSITIVOS PARA CONTROLE DE MINI E MICROCOMPUTADORES                                                                  ,70
7045,ARTIGOS DIVERSOS PARA PROCESSAMENTO AUTOMÁTICO DE DADOS                                                                 ,70
7050,EQUIPAMENTOS DE REDE DE TIC - LOCAL E REMOTA                                                                            ,70
7060,PEÇAS E ACESSÓRIOS PARA COMPUTADORES                                                                                    ,70
7070,PEÇAS E ACESSÓRIOS PARA IMPRESSORAS                                                                                     ,70
7080,"PEÇAS, ACESSÓRIOS E FERRAMENTAS PARA REDES DE TIC                                                                       ",70
7090,SUPRIMENTOS DE INFORMÁTICA - TIC                                                                                        ,70
7095,UNIDADES PARA MANUSEIO DE CARTÕES                                                                                       ,70
7099,OUTROS                                                                                                                  ,70
7105,MOBILIÁRIO DOMÉSTICO                                                                                                    ,71
7110,MOBILIÁRIO PARA ESCRITÓRIO                                                                                              ,71
7115,MOBILIARIOS ESCOLAR                                                                                                     ,71
7120,ESTANTES E ARMACOES PARA ALMOXARIFADOS                                                                                  ,71
7125,ARMÁRIOS E ESTANTES                                                                                                     ,71
7195,MOBILIÁRIOS DIVERSOS E ACESSÓRIOS                                                                                       ,71
7210,UTENSÍLIOS DOMÉSTICOS                                                                                                   ,72
7220,REVESTIMENTOS PARA PISOS                                                                                                ,72
7230,"TAPEÇARIAS, CORTINAS E PERSIANAS                                                                                        ",72
7240,RECEPIENTES PARA USO DOMÉSTICO E COMERCIAL                                                                              ,72
7290,UTENSÍLIOS COMERCIAIS E DOMÉSTICOS DIVERSOS                                                                             ,72
7310,"EQUIPAMENTOS PARA COZINHAR, ASSAR E SERVIR ALIMENTOS                                                                    ",73
7320,EQUIPAMENTOS E APARELHOS DE COZINHA                                                                                     ,73
7330,UTENSÍLIOS E FERRAMENTAS MANUAIS DE COZINHA                                                                             ,73
7340,CUTELARIA E TALHERES                                                                                                    ,73
7350,LOUÇA E ARTIGOS DE MESA                                                                                                 ,73
7360,"JOGOS, CONJUNTOS  E  EQUIPAMENTOS PARA PREPARAR E SERVIR ALIMENTOS                                                      ",73
7420,MÁQUINAS DE CONTABILIDADE E DE CALCULAR                                                                                 ,74
7425,MAQUINAS DE FOTOCOPIAS                                                                                                  ,74
7430,MÁQUINAS DE ESCREVER E DE COMPOSIÇÃO PARA ESCRITÓRIO                                                                    ,74
7431,MAQUINAS DE REPROGRAFIA                                                                                                 ,74
7432,MAQUINAS DE REPROGRAFIA                                                                                                 ,74
7435,EQUIPAMENTOS DE SISTEMAS DE INFORMAÇÕES PARA ESCRITÓRIO                                                                 ,74
7450,MÁQUINAS DE GRAVAÇÃO E REPRODUÇÃO DE SOM PARA  USO  EM ESCRITÓRIO                                                       ,74
7460,ARQUIVOS VISUAIS                                                                                                        ,74
7490,MÁQUINAS DIVERSAS PARA ESCRITÓRIO                                                                                       ,74
7510,ARTIGOS PARA ESCRITÓRIO                                                                                                 ,75
7520,ACESSÓRIOS E DISPOSITIVOS PARA ESCRITÓRIO                                                                               ,75
7530,FORMULÁRIOS OFICIAIS                                                                                                    ,75
7540,FORMULÁRIOS PADRONIZADOS                                                                                                ,75
7610,LIVROS E FOLHETOS                                                                                                       ,76
7630,JORNAIS E PERIÓDICOS                                                                                                    ,76
7640,"MAPAS, CARTAS E GLOBOS GEOGRÁFICOS                                                                                      ",76
7641,"MAPAS AERONÁUTICOS, CARTAS E PRODUTOS GEODÉSICOS                                                                        ",76
7642,"MAPAS HIDROGRÁFICOS, CARTAS E PRODUTOS GEODÉSICOS                                                                       ",76
7643,"MAPAS TOPOGRÁFICOS, CARTAS E PRODUTOS GEODÉSICOS                                                                        ",76
7644,"MAPAS DIGITAIS, CARTAS E PRODUTOS GEODÉSICOS                                                                            ",76
7650,DESENHOS E ESPECIFICAÇÕES                                                                                               ,76
7660,FOLHAS E LIVROS DE MÚSICA                                                                                               ,76
7670,MICROFILMES REVELADOS                                                                                                   ,76
7690,IMPRESSOS DIVERSOS                                                                                                      ,76
7710,INSTRUMENTOS MUSICAIS                                                                                                   ,77
7720,PEÇAS E ACESSÓRIOS DE INSTRUMENTOS MUSICAIS                                                                             ,77
7730,"FONÓGRAFOS, RÁDIOS E TELEVISORES DE TIPO DOMÉSTICO                                                                      ",77
7740,DISCOS PARA FONÓGRAFO                                                                                                   ,77
7810,EQUIPAMENTO PARA ATLETISMO E DESPORTO                                                                                   ,78
7820,"JOGOS, BRINQUEDOS E ARTIGOS CORRELATOS COM RODAS                                                                        ",78
7830,EQUIPAMENTO PARA GINÁSTICA E RECREAÇÃO                                                                                  ,78
7910,ENCERADEIRAS E ASPIRADORES DE PÓ                                                                                        ,79
7920,"VASSOURAS, ESCOVAS, RODOS, ESPONJAS E ESFREGÕES                                                                         ",79
7930,COMPOSTOS E PREPARADOS PARA LIMPEZA E POLIMENTO                                                                         ,79
8010,"TINTAS, VERNIZES E PRODUTOS CORRELATOS                                                                                  ",80
8020,PINCEL PARA ARTISTAS E PINTORES                                                                                         ,80
8030,COMPOSTOS PRESERVATIVOS E VEDANTES                                                                                      ,80
8040,ADESIVOS                                                                                                                ,80
8105,SACOS E BOLSAS                                                                                                          ,81
8110,TAMBORES E LATAS                                                                                                        ,81
8115,"CAIXAS, CAIXOTES E ENGRADADOS                                                                                           ",81
8120,CILINDROS COMERCIAIS E INDUSTRIAIS PARA GASES                                                                           ,81
8125,GARRAFAS E JARROS                                                                                                       ,81
8130,CARRETÉIS E BOBINAS                                                                                                     ,81
8135,MATERIAIS A GRANEL PARA ACONDICIONAMENTO E EMBALAGEM                                                                    ,81
8140,"CAIXAS, RECIPIENTES E EMBALAGENS  ESPECIAIS  PARA ARMAMENTO NUCLEAR E MUNIÇÃO                                           ",81
8145,RECIPIENTES ESPECIALIZADOS PARA TRANSPORTE E ARMAZENAGEM                                                                ,81
8305,TECIDOS                                                                                                                 ,83
8310,FIOS E LINHAS                                                                                                           ,83
8315,MIUDEZAS E AVIAMENTOS PARA COSTURA                                                                                      ,83
8320,MATERIAIS PARA ESTOFAMENTO E ACOLCHOAMENTO                                                                              ,83
8325,PELES                                                                                                                   ,83
8330,COUROS                                                                                                                  ,83
8335,MATERIAIS PARA CALÇADOS                                                                                                 ,83
8340,BARRACAS E ENCERADOS                                                                                                    ,83
8345,"BANDEIRAS, FLAMULAS E PAVILHOES                                                                                         ",83
8405,VESTUÁRIO EXTERNO MASCULINO                                                                                             ,84
8410,VESTUÁRIO EXTERNO FEMININO                                                                                              ,84
8415,VESTUÁRIO PARA FINS ESPECIAIS                                                                                           ,84
8420,"ROUPAS ÍNTIMAS E PARA DORMIR, MASCULINAS                                                                                ",84
8425,"ROUPAS ÍNTIMAS E PARA DORMIR, FEMININAS                                                                                 ",84
8430,CALÇADOS MASCULINOS                                                                                                     ,84
8435,CALÇADOS FEMININOS                                                                                                      ,84
8440,"MEIAS, LUVAS E OUTROS COMPLEMENTOS DO VESTUARIO MASCULINO                                                               ",84
8445,"MEIAS, LUVAS E OUTROS COMPLEMENTOS DO VESTUÁRIO FEMININO                                                                ",84
8450,VESTUÁRIO INFANTO-JUVENIL E COMPLEMENTOS                                                                                ,84
8455,DISTINTIVOS E INSÍGNIAS                                                                                                 ,84
8460,BAGAGENS                                                                                                                ,84
8465,EQUIPAMENTOS INDIVIDUAIS                                                                                                ,84
8470,ROUPAS DE PROTEÇÃO CONTRA PROJÉTEIS                                                                                     ,84
8475,VESTUÁRIO ESPECIALIZADO PARA VÔO E ACESSÓRIOS                                                                           ,84
8510,"PERFUMES, ARTIGOS PARA TOALETE E TOUCADOR                                                                               ",85
8520,"SABONETES, ARTIGOS PARA BARBEAR E DENTIFRÍCIOS                                                                          ",85
8530,ARTIGOS PARA HIGIENE PESSOAL                                                                                            ,85
8540,ARTIGOS DE PAPEL PARA HIGIENE                                                                                           ,85
8710,FORRAGENS E ALIMENTOS                                                                                                   ,87
8720,FERTILIZANTES                                                                                                           ,87
8730,SEMENTES E MUDAS DE PLANTAS                                                                                             ,87
8810,"ANIMAIS VIVOS, CRIADOS PARA ALIMENTAÇÃO                                                                                 ",88
8820,"ANIMAIS VIVOS, NÃO CRIADOS PARA ALIMENTAÇÃO                                                                             ",88
8905,"CARNES, AVES E PEIXES                                                                                                   ",89
8910,OVOS E LATICÍNIOS                                                                                                       ,89
8915,"FRUTAS, VERDURAS E LEGUMES                                                                                              ",89
8920,PRODUTOS DE PANIFICAÇÃO E CEREAIS                                                                                       ,89
8925,"AÇÚCAR, CONFEITOS, CASTANHAS, NOZES E SIMILARES                                                                         ",89
8930,"GELEIAS, CONSERVAS E GELATINAS                                                                                          ",89
8935,SOPAS E CALDOS                                                                                                          ,89
8940,ALIMENTOS ESPECIAIS DIETÉTICOS E PREPARADOS ALIMENTÍCIOS                                                                ,89
8945,ÓLEOS E GORDURAS COMESTÍVEIS                                                                                            ,89
8950,CONDIMENTOS E PRODUTOS CORRELATOS                                                                                       ,89
8955,"CAFÉ, CHÁ E CHOCOLATE                                                                                                   ",89
8960,BEBIDAS NÃO ALCOÓLICAS                                                                                                  ,89
8965,BEBIDAS ALCOÓLICAS                                                                                                      ,89
8970,RAÇÕES EMBALADAS                                                                                                        ,89
8975,PRODUTOS DE TABACO                                                                                                      ,89
9110,COMBUSTÍVEIS SÓLIDOS                                                                                                    ,91
9130,COMBUSTÍVEIS E PROPELENTES LÍQUIDOS À BASE DE PETRÓLEO                                                                  ,91
9135,COMBUSTÍVEIS PROPELENTES LÍQUIDOS E OXIDANTES Á BASE QUÍMICA                                                            ,91
9140,ÓLEOS COMBUSTÍVEIS                                                                                                      ,91
9150,"ÓLEOS E GRAXAS PARA CORTE, LUBRIFICAÇÃO E SISTEMAS  HIDRÁULICOS                                                         ",91
9160,"CERAS, ÓLEOS E GORDURAS DIVERSOS                                                                                        ",91
9310,PAPÉIS E PAPELÕES                                                                                                       ,93
9320,ARTIGOS DE BORRACHA                                                                                                     ,93
9330,ARTIGOS DE PLÁSTICO                                                                                                     ,93
9340,ARTIGOS DE VIDRO                                                                                                        ,93
9350,MATERIAIS REFRATÁRIOS E DE ACABAMENTO SUPERFICIAL CONTRA  FOGO                                                          ,93
9390,PRODUTOS DIVERSOS NÃO METÁLICOS                                                                                         ,93
9410,MATÉRIAS-PRIMAS DE ORIGEM VEGETAL                                                                                       ,94
9420,"FIBRAS VEGETAIS, ANIMAIS E SINTÉTICAS                                                                                   ",94
9430,"MATÉRIAS-PRIMAS DIVERSAS DE ORIGEM ANIMAL, NÃO COMESTÍVEIS                                                              ",94
9440,"MATÉRIAS-PRIMAS DIVERSAS, FLORESTAIS E AGRÍCOLAS                                                                        ",94
9450,"RESÍDUOS NAO METÁLICOS, EXCETO OS TÊXTEIS                                                                               ",94
9505,"ARAMES DE FERRO E DE AÇO, NÃO UTILIZÁVEIS EM ELETRICIDADE                                                               ",95
9510,BARRAS E VERGALHÕES DE FERRO E DE AÇO                                                                                   ,95
9515,"PLACAS, CHAPAS, FITAS E LAMINADOS FINOS DE FERRO E DE AÇO                                                               ",95
9520,PERFIS ESTRUTURAIS DE FERRO E AÇO                                                                                       ,95
9525,"ARAMES DE METAL NÃO FERROSO, NÃO UTILIZÁVEIS EM ELETRICIDADE                                                            ",95
9530,BARRAS E VERGALHÕES DE METAIS NÃO FERROSOS                                                                              ,95
9535,"PLACAS, CHAPAS, FITAS E LAMINADOS FINOS DE METAIS NÃO  FERROSOS                                                         ",95
9540,PERFIS ESTRUTURAIS DE METAIS NÃO FERROSOS                                                                               ,95
9545,"PLACAS, CHAPAS, FITAS E LAMINADOS FINOS DE METAIS PRECIOSOS                                                             ",95
9610,MINÉRIOS                                                                                                                ,96
9620,MINERAIS NATURAIS E SINTÉTICOS                                                                                          ,96
9630,ADITIVOS METÁLICOS E LIGAS BÁSICAS                                                                                      ,96
9640,PRODUTOS SEMI-ACABADOS E PRODUTOS PRIMÁRIOS DE  FERRO  E DE AÇO                                                         ,96
9650,REFINADOS E PRODUTOS SEMI-ACABADOS DE  METAIS  BÁSICOS  NÃO FERROSOS                                                    ,96
9660,METAIS PRECIOSOS EM SUAS FORMAS PRIMÁRIAS                                                                               ,96
9670,SUCATA DE FERRO E DE AÇO                                                                                                ,96
9680,SUCATA DE METAIS NÃO FERROSOS                                                                                           ,96
9905,"CARTAZES, MOSTRUÁRIOS E PLACAS DE IDENTIFICAÇÃO                                                                         ",99
9910,ARTIGOS DE JOALHERIA                                                                                                    ,99
9915,ARTIGOS PARA COLECIONADORES E/OU HISTÓRICOS                                                                             ,99
9920,ARTIGOS PARA FUMANTES                                                                                                   ,99
9925,EQUIPAMENTOS E ARTIGOS RELIGIOSOS                                                                                       ,99
9930,EQUIPAMENTOS E ARTIGOS MORTUÁRIOS E DE CEMITÉRIO                                                                        ,99
9998,SERVICO                                                                                                                 ,99
9999,ITENS DIVERSOS                                                                                                          ,99
